"Source","Target","Citation.Count","Source.Type","Source.Year","Edge.Type"
30367585,26424084,1,"Other",2018,"Other"
30367585,21037263,1,"Other",2018,"Other"
30030469,24297251,4,"Other",2018,"Other"
30030469,23446348,4,"Other",2018,"Other"
30030469,27725737,4,"Other",2018,"Other"
30030469,24339831,4,"Other",2018,"Other"
30030469,29036403,4,"Other",2018,"Other"
30030469,26669964,4,"Other",2018,"Other"
30030469,25234927,4,"Other",2018,"Other"
30030469,26590255,4,"Other",2018,"Other"
30030469,26450965,4,"Other",2018,"Other"
30030469,27543790,4,"Other",2018,"Other"
24339831,21037263,107,"Other",2013,"Other"
24339831,23446348,107,"Other",2013,"Other"
29194536,24811520,10,"Other",2018,"Other"
29194536,24297251,10,"Other",2018,"Other"
29194536,26076956,10,"Other",2018,"Other"
29194536,24339831,10,"Other",2018,"Other"
29194536,27365365,10,"Other",2018,"Other"
29194536,26669964,10,"Other",2018,"Other"
29194536,25234927,10,"Other",2018,"Other"
29194536,26590255,10,"Other",2018,"Other"
29194536,26450965,10,"Other",2018,"Other"
30075703,26442529,2,"Identification",2018,"Identification"
30075703,25583365,2,"Identification",2018,"Identification"
30075703,26556385,2,"Identification",2018,"Identification"
30075703,23446348,2,"Identification",2018,"Identification"
30075703,26076956,2,"Identification",2018,"Identification"
30075703,20802226,2,"Identification",2018,"Identification"
30075703,24512684,2,"Identification",2018,"Identification"
30075703,29036403,2,"Identification",2018,"Identification"
30075703,25544350,2,"Identification",2018,"Identification"
30075703,26873924,2,"Identification",2018,"Identification"
30075703,26669964,2,"Identification",2018,"Identification"
30075703,25242744,2,"Identification",2018,"Identification"
30075703,25234927,2,"Identification",2018,"Identification"
30075703,27350239,2,"Identification",2018,"Identification"
27021280,25242744,10,"Identification",2016,"Identification"
27021280,25544350,10,"Identification",2016,"Identification"
29700306,23446348,6,"Other",2018,"Other"
29106456,20802226,4,"Other",2018,"Other"
29106456,24339831,4,"Other",2018,"Other"
29106456,24512684,4,"Other",2018,"Other"
29106456,25234927,4,"Other",2018,"Other"
29106456,25242744,4,"Other",2018,"Other"
29106456,25544350,4,"Other",2018,"Other"
29106456,25583365,4,"Other",2018,"Other"
29106456,26076956,4,"Other",2018,"Other"
29106456,26442529,4,"Other",2018,"Other"
27350239,24811520,37,"Identification",2016,"Identification"
27350239,25583365,37,"Identification",2016,"Identification"
27350239,25242744,37,"Identification",2016,"Identification"
27350239,26556385,37,"Identification",2016,"Identification"
27350239,23446348,37,"Identification",2016,"Identification"
27350239,26076956,37,"Identification",2016,"Identification"
27350239,24512684,37,"Identification",2016,"Identification"
27350239,25234927,37,"Identification",2016,"Identification"
27350239,25544350,37,"Identification",2016,"Identification"
28177064,22576177,2,"Identification",2017,"Identification"
29036403,24811520,27,"Other",2018,"Other"
29036403,24297251,27,"Other",2018,"Other"
29036403,25583365,27,"Other",2018,"Other"
29036403,23446348,27,"Other",2018,"Other"
29036403,27725737,27,"Other",2018,"Other"
29036403,26657634,27,"Other",2018,"Other"
29036403,26171810,27,"Other",2018,"Other"
29036403,24339831,27,"Other",2018,"Other"
29036403,27365365,27,"Other",2018,"Other"
29036403,26669964,27,"Other",2018,"Other"
29036403,25242744,27,"Other",2018,"Other"
29036403,25234927,27,"Other",2018,"Other"
29036403,26450965,27,"Other",2018,"Other"
29036403,27543790,27,"Other",2018,"Other"
29036403,25544350,27,"Other",2018,"Other"
29036403,27350239,27,"Other",2018,"Other"
30192918,25234927,0,"Identification",2019,"Identification"
30192918,27739534,0,"Identification",2019,"Identification"
30053265,23446348,15,"Other",2018,"Other"
30053265,27929140,15,"Other",2018,"Other"
30053265,25234927,15,"Other",2018,"Other"
25120561,24297251,7,"Other",2014,"Other"
25120561,23446348,7,"Other",2014,"Other"
25120561,24339831,7,"Other",2014,"Other"
29298683,26556385,9,"Other",2018,"Other"
29298683,23446348,9,"Other",2018,"Other"
29298683,26076956,9,"Other",2018,"Other"
29298683,27068474,9,"Other",2018,"Other"
29298683,25544350,9,"Other",2018,"Other"
29036351,23446348,8,"Other",2018,"Other"
29036351,23094086,8,"Other",2018,"Other"
30142196,24297251,1,"Other",2018,"Other"
30142196,23446348,1,"Other",2018,"Other"
30142196,27365365,1,"Other",2018,"Other"
30142196,25234927,1,"Other",2018,"Other"
26424084,23446348,21,"Other",2015,"Other"
26424084,24297251,21,"Other",2015,"Other"
29982332,23446348,2,"Other",2018,"Other"
29982332,24297251,2,"Other",2018,"Other"
29982332,29036351,2,"Other",2018,"Other"
29982332,29688355,2,"Other",2018,"Other"
29425247,25583365,3,"Other",2018,"Other"
29425247,23446348,3,"Other",2018,"Other"
29499650,25234927,2,"Other",2018,"Other"
28334396,23446348,5,"Other",2017,"Other"
28334396,24811520,5,"Other",2017,"Other"
28334396,25234927,5,"Other",2017,"Other"
28334396,25242744,5,"Other",2017,"Other"
28334396,25544350,5,"Other",2017,"Other"
28334396,25583365,5,"Other",2017,"Other"
28334396,26076956,5,"Other",2017,"Other"
28334396,26201400,5,"Other",2017,"Other"
28334396,26442529,5,"Other",2017,"Other"
28334396,26450965,5,"Other",2017,"Other"
28334396,26556385,5,"Other",2017,"Other"
28334396,26590255,5,"Other",2017,"Other"
28334396,26657634,5,"Other",2017,"Other"
28334396,26873924,5,"Other",2017,"Other"
26578591,23180788,21,"Other",2016,"Other"
26578591,23446348,21,"Other",2016,"Other"
26578591,24297251,21,"Other",2016,"Other"
26578591,25234927,21,"Other",2016,"Other"
21037263,19750212,239,"Other",2011,"Other"
21037263,19966272,239,"Other",2011,"Other"
23377977,19750212,2,"Other",2013,"Other"
23377977,19966272,2,"Other",2013,"Other"
23377977,21037263,2,"Other",2013,"Other"
24297251,23446348,513,"Other",2014,"Other"
24297251,21037263,513,"Other",2014,"Other"
25990732,21037263,6,"Other",2015,"Other"
27068474,23446348,61,"Identification",2016,"Identification"
27068474,25242744,61,"Identification",2016,"Identification"
27068474,25544350,61,"Identification",2016,"Identification"
30184150,26171810,0,"Other",2018,"Other"
30184150,27725737,0,"Other",2018,"Other"
27543790,23446348,33,"Other",2017,"Other"
27543790,24297251,33,"Other",2017,"Other"
27543790,25234927,33,"Other",2017,"Other"
27543790,25242744,33,"Other",2017,"Other"
27543790,25544350,33,"Other",2017,"Other"
27543790,25583365,33,"Other",2017,"Other"
27543790,26076956,33,"Other",2017,"Other"
27543790,26450965,33,"Other",2017,"Other"
27543790,26657634,33,"Other",2017,"Other"
27543790,26669964,33,"Other",2017,"Other"
27543790,27350239,33,"Other",2017,"Other"
27929140,24811520,8,"Identification",2016,"Identification"
27929140,25583365,8,"Identification",2016,"Identification"
27929140,25242744,8,"Identification",2016,"Identification"
27929140,23446348,8,"Identification",2016,"Identification"
27929140,26076956,8,"Identification",2016,"Identification"
27929140,20802226,8,"Identification",2016,"Identification"
27929140,26657634,8,"Identification",2016,"Identification"
27929140,27365365,8,"Identification",2016,"Identification"
27929140,16452114,8,"Identification",2016,"Identification"
27929140,25544350,8,"Identification",2016,"Identification"
27929140,27350239,8,"Identification",2016,"Identification"
30169674,24512684,2,"Identification",2018,"Identification"
30169674,19750212,2,"Identification",2018,"Identification"
30169674,30169674,2,"Identification",2018,"Identification"
28854373,23446348,25,"Identification",2017,"Identification"
28854373,26657634,25,"Identification",2017,"Identification"
28854373,25242744,25,"Identification",2017,"Identification"
29556495,25583365,9,"Identification",2018,"Identification"
29556495,26556385,9,"Identification",2018,"Identification"
29556495,23446348,9,"Identification",2018,"Identification"
29556495,26076956,9,"Identification",2018,"Identification"
29556495,20802226,9,"Identification",2018,"Identification"
29556495,26657634,9,"Identification",2018,"Identification"
29556495,28334140,9,"Identification",2018,"Identification"
29556495,27365365,9,"Identification",2018,"Identification"
29556495,28594838,9,"Identification",2018,"Identification"
29556495,26873924,9,"Identification",2018,"Identification"
29556495,25242744,9,"Identification",2018,"Identification"
29556495,25544350,9,"Identification",2018,"Identification"
25242744,23446348,271,"Identification",2014,"Identification"
25242744,24512684,271,"Identification",2014,"Identification"
25242744,24811520,271,"Identification",2014,"Identification"
30367583,27350239,0,"Identification",2018,"Identification"
30367583,25544350,0,"Identification",2018,"Identification"
30367583,27739534,0,"Identification",2018,"Identification"
30367583,23446348,0,"Identification",2018,"Identification"
30367583,25242744,0,"Identification",2018,"Identification"
30367583,25583365,0,"Identification",2018,"Identification"
30367583,24811520,0,"Identification",2018,"Identification"
30367583,28594838,0,"Identification",2018,"Identification"
30367583,25234927,0,"Identification",2018,"Identification"
30367583,24339831,0,"Identification",2018,"Identification"
29657280,26758031,2,"Identification",2017,"Identification"
29657280,26442529,2,"Identification",2017,"Identification"
29657280,25583365,2,"Identification",2017,"Identification"
29657280,23446348,2,"Identification",2017,"Identification"
29657280,26076956,2,"Identification",2017,"Identification"
29657280,20802226,2,"Identification",2017,"Identification"
29657280,26657634,2,"Identification",2017,"Identification"
29657280,24512684,2,"Identification",2017,"Identification"
29657280,27929140,2,"Identification",2017,"Identification"
29657280,25544350,2,"Identification",2017,"Identification"
29657280,26873924,2,"Identification",2017,"Identification"
29657280,25242744,2,"Identification",2017,"Identification"
29657280,25234927,2,"Identification",2017,"Identification"
29028266,25583365,6,"Identification",2017,"Identification"
29028266,27255916,6,"Identification",2017,"Identification"
29028266,27350239,6,"Identification",2017,"Identification"
29028266,27725737,6,"Identification",2017,"Identification"
29028266,28334140,6,"Identification",2017,"Identification"
25544350,23446348,173,"Identification",2014,"Identification"
25544350,24811520,173,"Identification",2014,"Identification"
25544350,25242744,173,"Identification",2014,"Identification"
30013032,20802226,0,"Identification",2019,"Identification"
30013032,23446348,0,"Identification",2019,"Identification"
30013032,24811520,0,"Identification",2019,"Identification"
30013032,25234927,0,"Identification",2019,"Identification"
30013032,25242744,0,"Identification",2019,"Identification"
30013032,25583365,0,"Identification",2019,"Identification"
30013032,28334140,0,"Identification",2019,"Identification"
30013032,29338875,0,"Identification",2019,"Identification"
30013032,29556495,0,"Identification",2019,"Identification"
30462173,26556385,0,"Identification",2018,"Identification"
30462173,29338875,0,"Identification",2018,"Identification"
30462173,28265491,0,"Identification",2018,"Identification"
25583365,23446348,130,"Identification",2015,"Identification"
25583365,24811520,130,"Identification",2015,"Identification"
25583365,24512684,130,"Identification",2015,"Identification"
28334140,20802226,27,"Identification",2018,"Identification"
28334140,23446348,27,"Identification",2018,"Identification"
28334140,24512684,27,"Identification",2018,"Identification"
28334140,25242744,27,"Identification",2018,"Identification"
28334140,25544350,27,"Identification",2018,"Identification"
28334140,25583365,27,"Identification",2018,"Identification"
28334140,26076956,27,"Identification",2018,"Identification"
28334140,26556385,27,"Identification",2018,"Identification"
28334140,26657634,27,"Identification",2018,"Identification"
28334140,26873924,27,"Identification",2018,"Identification"
28334140,27350239,27,"Identification",2018,"Identification"
30660194,29556495,2,"Other",2019,"Other"
30660194,29338875,2,"Other",2019,"Other"
30660194,28854373,2,"Other",2019,"Other"
30660194,28594838,2,"Other",2019,"Other"
30660194,28334140,2,"Other",2019,"Other"
30660194,28265491,2,"Other",2019,"Other"
30660194,27739910,2,"Other",2019,"Other"
30660194,27365365,2,"Other",2019,"Other"
30660194,27350239,2,"Other",2019,"Other"
30660194,26076956,2,"Other",2019,"Other"
30660194,25583365,2,"Other",2019,"Other"
30660194,25242744,2,"Other",2019,"Other"
30660194,23446348,2,"Other",2019,"Other"
29322451,21037263,2,"Identification",2018,"Identification"
29322451,23446348,2,"Identification",2018,"Identification"
29322451,24297251,2,"Identification",2018,"Identification"
29322451,24811520,2,"Identification",2018,"Identification"
29322451,25242744,2,"Identification",2018,"Identification"
29322451,26590255,2,"Identification",2018,"Identification"
29322451,27739534,2,"Identification",2018,"Identification"
26556385,24811520,33,"Identification",2016,"Identification"
26556385,25544350,33,"Identification",2016,"Identification"
26556385,25583365,33,"Identification",2016,"Identification"
26556385,26076956,33,"Identification",2016,"Identification"
28265491,25583365,8,"Identification",2017,"Identification"
28265491,25242744,8,"Identification",2017,"Identification"
28265491,26556385,8,"Identification",2017,"Identification"
28265491,23446348,8,"Identification",2017,"Identification"
28265491,26076956,8,"Identification",2017,"Identification"
28096075,26556385,4,"Identification",2018,"Identification"
26076956,25544350,94,"Identification",2015,"Identification"
26076956,25583365,94,"Identification",2015,"Identification"
26076956,23446348,94,"Identification",2015,"Identification"
26076956,24811520,94,"Identification",2015,"Identification"
26076956,24512684,94,"Identification",2015,"Identification"
26076956,25242744,94,"Identification",2015,"Identification"
27167008,26201400,13,"Identification",2016,"Identification"
27167008,23446348,13,"Identification",2016,"Identification"
27167008,25583365,13,"Identification",2016,"Identification"
26442529,24512684,25,"Identification",2016,"Identification"
26442529,25242744,25,"Identification",2016,"Identification"
26442529,25234927,25,"Identification",2016,"Identification"
26442529,25544350,25,"Identification",2016,"Identification"
26442529,25583365,25,"Identification",2016,"Identification"
26442529,26230526,25,"Identification",2016,"Identification"
26442529,20802226,25,"Identification",2016,"Identification"
26442529,23446348,25,"Identification",2016,"Identification"
26442529,24811520,25,"Identification",2016,"Identification"
27493192,24811520,4,"Identification",2016,"Identification"
27493192,26442529,4,"Identification",2016,"Identification"
27493192,25242744,4,"Identification",2016,"Identification"
27493192,23446348,4,"Identification",2016,"Identification"
27493192,26076956,4,"Identification",2016,"Identification"
27493192,20802226,4,"Identification",2016,"Identification"
27493192,24512684,4,"Identification",2016,"Identification"
27493192,26028480,4,"Identification",2016,"Identification"
29280994,25583365,2,"Identification",2018,"Identification"
26028480,23446348,8,"Identification",2015,"Identification"
26028480,24811520,8,"Identification",2015,"Identification"
26028480,25234927,8,"Identification",2015,"Identification"
26028480,25544350,8,"Identification",2015,"Identification"
26917277,23446348,2,"Identification",2016,"Identification"
26917277,25234927,2,"Identification",2016,"Identification"
26917277,26028480,2,"Identification",2016,"Identification"
26758031,23446348,7,"Identification",2016,"Identification"
26758031,24811520,7,"Identification",2016,"Identification"
26758031,24512684,7,"Identification",2016,"Identification"
26758031,25234927,7,"Identification",2016,"Identification"
26758031,25544350,7,"Identification",2016,"Identification"
26758031,25583365,7,"Identification",2016,"Identification"
26758031,20802226,7,"Identification",2016,"Identification"
29039477,25583365,3,"Identification",2017,"Identification"
29039477,26556385,3,"Identification",2017,"Identification"
29039477,23446348,3,"Identification",2017,"Identification"
29039477,26076956,3,"Identification",2017,"Identification"
29039477,20802226,3,"Identification",2017,"Identification"
29039477,26657634,3,"Identification",2017,"Identification"
29039477,24339831,3,"Identification",2017,"Identification"
29039477,19750212,3,"Identification",2017,"Identification"
29039477,27365365,3,"Identification",2017,"Identification"
29039477,27929140,3,"Identification",2017,"Identification"
29039477,26669964,3,"Identification",2017,"Identification"
29039477,27739534,3,"Identification",2017,"Identification"
29039477,25242744,3,"Identification",2017,"Identification"
29039477,26450965,3,"Identification",2017,"Identification"
29039477,25544350,3,"Identification",2017,"Identification"
29039477,27350239,3,"Identification",2017,"Identification"
29548336,24811520,4,"Identification",2018,"Identification"
29548336,26442529,4,"Identification",2018,"Identification"
29548336,27365365,4,"Identification",2018,"Identification"
24512684,23446348,69,"Identification",2014,"Identification"
24512684,20802226,69,"Identification",2014,"Identification"
24512684,19750212,69,"Identification",2014,"Identification"
29474638,25583365,0,"Identification",2018,"Identification"
29474638,23446348,0,"Identification",2018,"Identification"
29474638,20802226,0,"Identification",2018,"Identification"
29474638,26657634,0,"Identification",2018,"Identification"
29474638,27365365,0,"Identification",2018,"Identification"
29474638,25544350,0,"Identification",2018,"Identification"
26201400,23446348,54,"Identification",2015,"Identification"
26201400,24811520,54,"Identification",2015,"Identification"
26201400,25242744,54,"Identification",2015,"Identification"
27315811,26201400,35,"Identification",2016,"Identification"
27315811,24811520,35,"Identification",2016,"Identification"
27315811,25242744,35,"Identification",2016,"Identification"
27315811,23446348,35,"Identification",2016,"Identification"
27315811,26076956,35,"Identification",2016,"Identification"
27315811,25544350,35,"Identification",2016,"Identification"
26873924,25583365,70,"Identification",2016,"Identification"
26873924,23446348,70,"Identification",2016,"Identification"
26873924,24811520,70,"Identification",2016,"Identification"
26873924,24512684,70,"Identification",2016,"Identification"
26873924,25242744,70,"Identification",2016,"Identification"
26873924,25234927,70,"Identification",2016,"Identification"
30404245,24811520,1,"Identification",2018,"Identification"
30404245,23446348,1,"Identification",2018,"Identification"
30404245,26657634,1,"Identification",2018,"Identification"
30404245,24339831,1,"Identification",2018,"Identification"
30404245,26028480,1,"Identification",2018,"Identification"
30404245,28594838,1,"Identification",2018,"Identification"
30404245,25242744,1,"Identification",2018,"Identification"
30404245,25234927,1,"Identification",2018,"Identification"
28968841,23446348,1,"Database",2019,"Database"
28968841,24339831,1,"Database",2019,"Database"
28968841,24811520,1,"Database",2019,"Database"
28968841,25234927,1,"Database",2019,"Database"
28968841,25583365,1,"Database",2019,"Database"
28968841,26201400,1,"Database",2019,"Database"
28968841,26450965,1,"Database",2019,"Database"
28968841,27350239,1,"Database",2019,"Database"
28968841,27365365,1,"Database",2019,"Database"
28968841,27543790,1,"Database",2019,"Database"
28968841,27725737,1,"Database",2019,"Database"
28968841,28315753,1,"Database",2019,"Database"
25234927,24512684,210,"Database",2014,"Database"
25234927,23446348,210,"Database",2014,"Database"
25234927,24811520,210,"Database",2014,"Database"
26669964,23446348,92,"Database",2016,"Database"
26669964,24297251,92,"Database",2016,"Database"
26669964,25234927,92,"Database",2016,"Database"
29322439,26669964,2,"Database",2018,"Database"
29322439,25234927,2,"Database",2018,"Database"
26450965,21037263,70,"Database",2016,"Database"
26450965,23446348,70,"Database",2016,"Database"
26450965,24811520,70,"Database",2016,"Database"
26450965,26076956,70,"Database",2016,"Database"
26450965,25242744,70,"Database",2016,"Database"
26450965,25234927,70,"Database",2016,"Database"
26450965,25544350,70,"Database",2016,"Database"
26450965,25583365,70,"Database",2016,"Database"
27365365,24811520,83,"Database",2016,"Database"
27365365,25242744,83,"Database",2016,"Database"
27365365,27068474,83,"Database",2016,"Database"
27365365,23446348,83,"Database",2016,"Database"
27365365,26657634,83,"Database",2016,"Database"
27365365,24512684,83,"Database",2016,"Database"
27365365,25544350,83,"Database",2016,"Database"
30172046,23446348,3,"Database",2018,"Database"
30172046,27725737,3,"Database",2018,"Database"
30172046,20802226,3,"Database",2018,"Database"
30172046,26657634,3,"Database",2018,"Database"
30172046,29036403,3,"Database",2018,"Database"
30172046,27068474,3,"Database",2018,"Database"
30172046,27365365,3,"Database",2018,"Database"
30172046,25544350,3,"Database",2018,"Database"
30172046,25242744,3,"Database",2018,"Database"
30172046,25234927,3,"Database",2018,"Database"
30172046,29338875,3,"Database",2018,"Database"
30172046,27350239,3,"Database",2018,"Database"
27725737,24811520,47,"Database",2016,"Database"
27725737,24297251,47,"Database",2016,"Database"
27725737,25242744,47,"Database",2016,"Database"
27725737,23446348,47,"Database",2016,"Database"
27725737,24339831,47,"Database",2016,"Database"
27725737,26873924,47,"Database",2016,"Database"
27725737,25234927,47,"Database",2016,"Database"
22144203,19966272,8,"Database",2012,"Database"
26590255,24811520,53,"Database",2016,"Database"
26590255,24297251,53,"Database",2016,"Database"
26590255,23446348,53,"Database",2016,"Database"
26590255,19966272,53,"Database",2016,"Database"
26590255,25234927,53,"Database",2016,"Database"
28575165,26201400,9,"Database",2017,"Database"
28575165,24811520,9,"Database",2017,"Database"
28575165,26578591,9,"Database",2017,"Database"
28575165,25583365,9,"Database",2017,"Database"
28575165,27315811,9,"Database",2017,"Database"
28575165,23446348,9,"Database",2017,"Database"
28575165,26230526,9,"Database",2017,"Database"
28575165,26076956,9,"Database",2017,"Database"
28575165,24339831,9,"Database",2017,"Database"
28575165,26669964,9,"Database",2017,"Database"
28575165,25242744,9,"Database",2017,"Database"
28575165,25234927,9,"Database",2017,"Database"
28575165,26590255,9,"Database",2017,"Database"
28575165,26450965,9,"Database",2017,"Database"
28575165,25544350,9,"Database",2017,"Database"
28315753,23446348,16,"Database",2017,"Database"
28315753,25234927,16,"Database",2017,"Database"
28315753,26450965,16,"Database",2017,"Database"
28315753,27725737,16,"Database",2017,"Database"
28315753,27739910,16,"Database",2017,"Database"
30445438,23446348,3,"Database",2018,"Database"
30445438,24512684,3,"Database",2018,"Database"
30445438,24811520,3,"Database",2018,"Database"
30445438,25234927,3,"Database",2018,"Database"
30445438,25242744,3,"Database",2018,"Database"
30445438,25544350,3,"Database",2018,"Database"
30445438,25583365,3,"Database",2018,"Database"
30445438,26076956,3,"Database",2018,"Database"
30445438,26201400,3,"Database",2018,"Database"
30445438,26230526,3,"Database",2018,"Database"
30445438,27350239,3,"Database",2018,"Database"
30445438,27365365,3,"Database",2018,"Database"
30445438,27493192,3,"Database",2018,"Database"
30445438,27725737,3,"Database",2018,"Database"
30445438,27739534,3,"Database",2018,"Database"
30445438,27739534,3,"Database",2018,"Database"
30445438,27739910,3,"Database",2018,"Database"
30445438,28315753,3,"Database",2018,"Database"
30445438,28334140,3,"Database",2018,"Database"
30445438,28575165,3,"Database",2018,"Database"
30445438,28594838,3,"Database",2018,"Database"
30445438,28968841,3,"Database",2018,"Database"
30445438,29322436,3,"Database",2018,"Database"
30445438,29338875,3,"Database",2018,"Database"
30689723,27493192,0,"Other",2019,"Other"
30689723,28315753,0,"Other",2019,"Other"
30689723,29280994,0,"Other",2019,"Other"
30689723,24512684,0,"Other",2019,"Other"
30689723,23446348,0,"Other",2019,"Other"
30689723,20802226,0,"Other",2019,"Other"
30689723,27739910,0,"Other",2019,"Other"
30689723,28968841,0,"Other",2019,"Other"
30689723,27365365,0,"Other",2019,"Other"
27739910,26201400,10,"Identification",2017,"Identification"
27739910,24811520,10,"Identification",2017,"Identification"
27739910,25583365,10,"Identification",2017,"Identification"
27739910,23446348,10,"Identification",2017,"Identification"
27739910,26230526,10,"Identification",2017,"Identification"
27739910,26076956,10,"Identification",2017,"Identification"
27739910,20802226,10,"Identification",2017,"Identification"
27739910,26657634,10,"Identification",2017,"Identification"
27739910,24512684,10,"Identification",2017,"Identification"
27739910,25242744,10,"Identification",2017,"Identification"
27739910,25234927,10,"Identification",2017,"Identification"
27739910,25544350,10,"Identification",2017,"Identification"
29322436,23446348,0,"Other",2018,"Other"
29322436,19750212,0,"Other",2018,"Other"
29322436,25583365,0,"Other",2018,"Other"
29322436,24512684,0,"Other",2018,"Other"
29322436,25242744,0,"Other",2018,"Other"
29322436,26076956,0,"Other",2018,"Other"
29322436,27350239,0,"Other",2018,"Other"
29322436,28334140,0,"Other",2018,"Other"
30735636,27725737,6,"Other",2019,"Other"
30735636,30172046,6,"Other",2019,"Other"
30735636,25234927,6,"Other",2019,"Other"
30735636,26657634,6,"Other",2019,"Other"
30735636,29036403,6,"Other",2019,"Other"
30735636,25242744,6,"Other",2019,"Other"
30606103,28594838,0,"Identification",2019,"Identification"
30606103,26873924,0,"Identification",2019,"Identification"
30606103,26657634,0,"Identification",2019,"Identification"
30606103,26442529,0,"Identification",2019,"Identification"
30606103,26230526,0,"Identification",2019,"Identification"
30606103,26076956,0,"Identification",2019,"Identification"
30606103,25583365,0,"Identification",2019,"Identification"
30606103,25234927,0,"Identification",2019,"Identification"
30606103,24512684,0,"Identification",2019,"Identification"
30606103,23446348,0,"Identification",2019,"Identification"
30606103,20802226,0,"Identification",2019,"Identification"
30715276,28143578,0,"Database",2019,"Database"
30715276,27255916,0,"Database",2019,"Database"
30715276,23446348,0,"Database",2019,"Database"
30715276,29338875,0,"Database",2019,"Database"
30715276,25234927,0,"Database",2019,"Database"
30715276,27365365,0,"Database",2019,"Database"
30715276,29741596,0,"Database",2019,"Database"
30715276,24339831,0,"Database",2019,"Database"
30715276,26669964,0,"Database",2019,"Database"
30715276,26450965,0,"Database",2019,"Database"
30715276,27725737,0,"Database",2019,"Database"
30715276,29036403,0,"Database",2019,"Database"
30715276,27543790,0,"Database",2019,"Database"
30715276,28315753,0,"Database",2019,"Database"
30715276,29106456,0,"Database",2019,"Database"
30849979,23446348,0,"Other",2019,"Other"
30849979,27543790,0,"Other",2019,"Other"
30849979,29036403,0,"Other",2019,"Other"
30849979,27350239,0,"Other",2019,"Other"
30849979,27365365,0,"Other",2019,"Other"
30849979,30660194,0,"Other",2019,"Other"
30053237,27739534,2,"Other",2018,"Other"
30285109,23446348,4,"Other",2019,"Other"
30285109,26028480,4,"Other",2019,"Other"
30476305,24297251,1,"Other",2019,"Other"
30476305,26424084,1,"Other",2019,"Other"
29140525,26450965,1,"Other",2018,"Other"
27899615,24297251,31,"Other",2017,"Other"
30692147,23446348,0,"Identification",2019,"Identification"
30692147,27739534,0,"Identification",2019,"Identification"
30692147,25242744,0,"Identification",2019,"Identification"
30893614,27725737,0,"Database",2019,"Database"
30893614,26556385,0,"Database",2019,"Database"
30893614,29338875,0,"Database",2019,"Database"
30893614,25583365,0,"Database",2019,"Database"
30893614,27350239,0,"Database",2019,"Database"
30893614,28334140,0,"Database",2019,"Database"
30893614,23446348,0,"Database",2019,"Database"
30893614,20802226,0,"Database",2019,"Database"
30893614,29036403,0,"Database",2019,"Database"
30893614,27365365,0,"Database",2019,"Database"
30893614,29322436,0,"Database",2019,"Database"
30893614,30660194,0,"Database",2019,"Database"
30893614,28854373,0,"Database",2019,"Database"
31068132,25583365,0,"Other",2019,"Other"
31068132,23446348,0,"Other",2019,"Other"
31068132,25544350,0,"Other",2019,"Other"
31068132,25242744,0,"Other",2019,"Other"
31068132,27068474,0,"Other",2019,"Other"
30916068,23446348,0,"Other",2019,"Other"
30916068,24811520,0,"Other",2019,"Other"
30916068,25583365,0,"Other",2019,"Other"
30916068,25234927,0,"Other",2019,"Other"
30916068,27315811,0,"Other",2019,"Other"
30916068,27350239,0,"Other",2019,"Other"
30956140,25234927,1,"Identification",2019,"Identification"
31023147,23446348,0,"Database",2019,"Database"
31023147,26669964,0,"Database",2019,"Database"
31023147,27725737,0,"Database",2019,"Database"
31023147,28854373,0,"Database",2019,"Database"
31023147,25234927,0,"Database",2019,"Database"
31023147,24339831,0,"Database",2019,"Database"
31023147,26450965,0,"Database",2019,"Database"
31058278,23446348,0,"Database",2019,"Database"
31058278,24339831,0,"Database",2019,"Database"
31058278,27543790,0,"Database",2019,"Database"
31058278,29036403,0,"Database",2019,"Database"
31058278,28315753,0,"Database",2019,"Database"
31058278,27739910,0,"Database",2019,"Database"
31058278,27365365,0,"Database",2019,"Database"
31058278,25583365,0,"Database",2019,"Database"
31058278,28968841,0,"Database",2019,"Database"
31058278,26450965,0,"Database",2019,"Database"
31055837,25242744,0,"Identification",2019,"Identification"
31055837,23446348,0,"Identification",2019,"Identification"
31055837,24811520,0,"Identification",2019,"Identification"
31055837,26076956,0,"Identification",2019,"Identification"
31055837,26442529,0,"Identification",2019,"Identification"
31055837,20802226,0,"Identification",2019,"Identification"
31055837,25544350,0,"Identification",2019,"Identification"
31055837,24512684,0,"Identification",2019,"Identification"
31055837,28334140,0,"Identification",2019,"Identification"
31055837,26556385,0,"Identification",2019,"Identification"
31055837,26873924,0,"Identification",2019,"Identification"
31055837,27929140,0,"Identification",2019,"Identification"
31055837,27350239,0,"Identification",2019,"Identification"
31055837,27365365,0,"Identification",2019,"Identification"
31055837,29039477,0,"Identification",2019,"Identification"
31055837,28265491,0,"Identification",2019,"Identification"
31055837,28334396,0,"Identification",2019,"Identification"
31055837,28594838,0,"Identification",2019,"Identification"
31055837,26657634,0,"Identification",2019,"Identification"
31055837,26657634,0,"Identification",2019,"Identification"
31055837,29556495,0,"Identification",2019,"Identification"
31055837,27739534,0,"Identification",2019,"Identification"
31077303,27725737,0,"Identification",2019,"Identification"
31077303,25544350,0,"Identification",2019,"Identification"
31077303,25242744,0,"Identification",2019,"Identification"
29741596,24297251,5,"Other",2018,"Other"
29741596,26578591,5,"Other",2018,"Other"
29741596,23446348,5,"Other",2018,"Other"
29741596,26424084,5,"Other",2018,"Other"
29741596,28315753,5,"Other",2018,"Other"
29741596,24339831,5,"Other",2018,"Other"
29741596,29036403,5,"Other",2018,"Other"
29741596,26873924,5,"Other",2018,"Other"
29741596,26669964,5,"Other",2018,"Other"
29741596,25234927,5,"Other",2018,"Other"
29741596,26450965,5,"Other",2018,"Other"
29741596,27543790,5,"Other",2018,"Other"
31266442,23446348,0,"Other",2019,"Other"
31266442,26450965,0,"Other",2019,"Other"
31266442,24297251,0,"Other",2019,"Other"
31266442,24339831,0,"Other",2019,"Other"
31266442,29036403,0,"Other",2019,"Other"
24811520,23446348,311,"Review",2014,"Review"
24811520,20802226,311,"Review",2014,"Review"
26090362,25583365,19,"Review",2015,"Review"
26090362,23446348,19,"Review",2015,"Review"
26090362,22576177,19,"Review",2015,"Review"
26171810,20802226,79,"Review",2016,"Review"
26171810,23446348,79,"Review",2016,"Review"
26171810,24811520,79,"Review",2016,"Review"
26171810,25234927,79,"Review",2016,"Review"
26171810,25242744,79,"Review",2016,"Review"
26171810,25544350,79,"Review",2016,"Review"
26171810,25583365,79,"Review",2016,"Review"
26230526,24811520,75,"Review",2015,"Review"
26230526,25583365,75,"Review",2015,"Review"
26230526,25242744,75,"Review",2015,"Review"
26230526,23446348,75,"Review",2015,"Review"
26230526,20802226,75,"Review",2015,"Review"
26230526,24512684,75,"Review",2015,"Review"
26230526,25234927,75,"Review",2015,"Review"
26230526,25544350,75,"Review",2015,"Review"
26657634,24811520,63,"Review",2016,"Review"
26657634,25242744,63,"Review",2016,"Review"
26657634,25234927,63,"Review",2016,"Review"
26657634,25544350,63,"Review",2016,"Review"
26657634,25583365,63,"Review",2016,"Review"
26657634,26076956,63,"Review",2016,"Review"
26657634,20802226,63,"Review",2016,"Review"
26657634,23446348,63,"Review",2016,"Review"
26657634,24512684,63,"Review",2016,"Review"
27516218,23446348,17,"Review",2016,"Review"
27516218,24811520,17,"Review",2016,"Review"
27516218,25234927,17,"Review",2016,"Review"
27516218,25242744,17,"Review",2016,"Review"
27516218,25583365,17,"Review",2016,"Review"
27516218,26028480,17,"Review",2016,"Review"
27516218,26090362,17,"Review",2016,"Review"
27516218,26873924,17,"Review",2016,"Review"
27671698,20802226,51,"Review",2016,"Review"
27671698,23446348,51,"Review",2016,"Review"
27671698,24297251,51,"Review",2016,"Review"
27671698,24339831,51,"Review",2016,"Review"
27671698,24512684,51,"Review",2016,"Review"
27671698,24811520,51,"Review",2016,"Review"
27671698,25234927,51,"Review",2016,"Review"
27671698,25242744,51,"Review",2016,"Review"
27671698,25544350,51,"Review",2016,"Review"
27671698,25583365,51,"Review",2016,"Review"
27671698,26076956,51,"Review",2016,"Review"
27671698,26230526,51,"Review",2016,"Review"
27671698,26450965,51,"Review",2016,"Review"
27671698,26590255,51,"Review",2016,"Review"
27671698,26657634,51,"Review",2016,"Review"
27671698,26669964,51,"Review",2016,"Review"
27671698,26873924,51,"Review",2016,"Review"
27671698,27167008,51,"Review",2016,"Review"
27739534,24811520,67,"Review",2016,"Review"
27739534,25583365,67,"Review",2016,"Review"
27739534,25242744,67,"Review",2016,"Review"
27739534,26556385,67,"Review",2016,"Review"
27739534,23446348,67,"Review",2016,"Review"
27739534,26230526,67,"Review",2016,"Review"
27739534,26076956,67,"Review",2016,"Review"
27739534,20802226,67,"Review",2016,"Review"
27739534,26657634,67,"Review",2016,"Review"
27739534,24512684,67,"Review",2016,"Review"
27739534,25544350,67,"Review",2016,"Review"
28143578,24297251,56,"Review",2017,"Review"
28143578,25583365,56,"Review",2017,"Review"
28143578,25242744,56,"Review",2017,"Review"
28143578,23446348,56,"Review",2017,"Review"
28143578,24339831,56,"Review",2017,"Review"
28143578,27365365,56,"Review",2017,"Review"
28143578,26873924,56,"Review",2017,"Review"
28143578,26669964,56,"Review",2017,"Review"
28143578,27739534,56,"Review",2017,"Review"
28143578,25234927,56,"Review",2017,"Review"
28143578,26590255,56,"Review",2017,"Review"
28143578,27543790,56,"Review",2017,"Review"
28143578,26450965,56,"Review",2017,"Review"
28594838,24811520,55,"Review",2017,"Review"
28594838,26758031,55,"Review",2017,"Review"
28594838,26442529,55,"Review",2017,"Review"
28594838,25583365,55,"Review",2017,"Review"
28594838,25242744,55,"Review",2017,"Review"
28594838,26556385,55,"Review",2017,"Review"
28594838,23446348,55,"Review",2017,"Review"
28594838,26230526,55,"Review",2017,"Review"
28594838,26076956,55,"Review",2017,"Review"
28594838,20802226,55,"Review",2017,"Review"
28594838,27255916,55,"Review",2017,"Review"
28594838,26657634,55,"Review",2017,"Review"
28594838,24512684,55,"Review",2017,"Review"
28594838,26873924,55,"Review",2017,"Review"
28594838,27739534,55,"Review",2017,"Review"
28594838,25234927,55,"Review",2017,"Review"
28594838,25544350,55,"Review",2017,"Review"
28637169,24339831,1,"Review",2018,"Review"
28637169,25234927,1,"Review",2018,"Review"
28637169,25583365,1,"Review",2018,"Review"
28637169,26076956,1,"Review",2018,"Review"
28637169,26450965,1,"Review",2018,"Review"
28637169,26556385,1,"Review",2018,"Review"
28637169,26669964,1,"Review",2018,"Review"
28637169,26873924,1,"Review",2018,"Review"
28637169,27671698,1,"Review",2018,"Review"
28637169,27725737,1,"Review",2018,"Review"
28637169,27739534,1,"Review",2018,"Review"
28823961,19966272,11,"Review",2017,"Review"
28823961,21037263,11,"Review",2017,"Review"
28823961,23180788,11,"Review",2017,"Review"
28823961,23446348,11,"Review",2017,"Review"
28823961,24297251,11,"Review",2017,"Review"
28823961,24339831,11,"Review",2017,"Review"
28823961,25234927,11,"Review",2017,"Review"
28823961,25242744,11,"Review",2017,"Review"
28823961,26450965,11,"Review",2017,"Review"
28823961,26578591,11,"Review",2017,"Review"
28823961,26590255,11,"Review",2017,"Review"
28823961,26669964,11,"Review",2017,"Review"
28823961,27725737,11,"Review",2017,"Review"
29206165,24811520,5,"Review",2017,"Review"
29206165,24297251,5,"Review",2017,"Review"
29206165,26442529,5,"Review",2017,"Review"
29206165,25583365,5,"Review",2017,"Review"
29206165,26556385,5,"Review",2017,"Review"
29206165,23446348,5,"Review",2017,"Review"
29206165,26230526,5,"Review",2017,"Review"
29206165,27725737,5,"Review",2017,"Review"
29206165,26076956,5,"Review",2017,"Review"
29206165,28315753,5,"Review",2017,"Review"
29206165,20802226,5,"Review",2017,"Review"
29206165,24339831,5,"Review",2017,"Review"
29206165,24512684,5,"Review",2017,"Review"
29206165,29106456,5,"Review",2017,"Review"
29206165,26873924,5,"Review",2017,"Review"
29206165,25242744,5,"Review",2017,"Review"
29206165,25234927,5,"Review",2017,"Review"
29206165,26450965,5,"Review",2017,"Review"
29206165,27543790,5,"Review",2017,"Review"
29206165,25544350,5,"Review",2017,"Review"
29322437,20802226,3,"Review",2018,"Review"
29322437,23446348,3,"Review",2018,"Review"
29322437,24512684,3,"Review",2018,"Review"
29322437,24811520,3,"Review",2018,"Review"
29322437,25242744,3,"Review",2018,"Review"
29322437,25544350,3,"Review",2018,"Review"
29322437,25583365,3,"Review",2018,"Review"
29322437,26076956,3,"Review",2018,"Review"
29322437,26442529,3,"Review",2018,"Review"
29322437,26556385,3,"Review",2018,"Review"
29322437,28265491,3,"Review",2018,"Review"
29338875,20802226,10,"Review",2018,"Review"
29338875,23446348,10,"Review",2018,"Review"
29338875,24512684,10,"Review",2018,"Review"
29338875,25234927,10,"Review",2018,"Review"
29338875,25242744,10,"Review",2018,"Review"
29338875,25544350,10,"Review",2018,"Review"
29338875,25583365,10,"Review",2018,"Review"
29338875,26076956,10,"Review",2018,"Review"
29338875,26442529,10,"Review",2018,"Review"
29338875,26556385,10,"Review",2018,"Review"
29338875,26758031,10,"Review",2018,"Review"
29338875,26873924,10,"Review",2018,"Review"
29338875,27350239,10,"Review",2018,"Review"
29338875,27739534,10,"Review",2018,"Review"
29338875,28265491,10,"Review",2018,"Review"
29338875,28334140,10,"Review",2018,"Review"
29338875,28334396,10,"Review",2018,"Review"
29338875,28594838,10,"Review",2018,"Review"
29338875,29028266,10,"Review",2018,"Review"
29338875,29106456,10,"Review",2018,"Review"
29989090,21037263,2,"Review",2018,"Review"
29989090,28315753,2,"Review",2018,"Review"
30155370,24811520,2,"Review",2018,"Review"
30155370,24297251,2,"Review",2018,"Review"
30155370,23446348,2,"Review",2018,"Review"
30155370,29194536,2,"Review",2018,"Review"
30155370,27725737,2,"Review",2018,"Review"
30155370,26171810,2,"Review",2018,"Review"
30155370,24512684,2,"Review",2018,"Review"
30155370,28334140,2,"Review",2018,"Review"
30155370,28265491,2,"Review",2018,"Review"
30155370,27365365,2,"Review",2018,"Review"
30155370,27929140,2,"Review",2018,"Review"
30155370,25544350,2,"Review",2018,"Review"
30155370,26669964,2,"Review",2018,"Review"
30155370,28143578,2,"Review",2018,"Review"
30155370,25242744,2,"Review",2018,"Review"
30155370,25234927,2,"Review",2018,"Review"
30155370,26590255,2,"Review",2018,"Review"
30155370,27021280,2,"Review",2018,"Review"
30155370,27543790,2,"Review",2018,"Review"
30259355,24339831,1,"Review",2018,"Review"
30259355,25234927,1,"Review",2018,"Review"
30259355,26450965,1,"Review",2018,"Review"
30259355,26669964,1,"Review",2018,"Review"
30259355,27543790,1,"Review",2018,"Review"
30259355,29036403,1,"Review",2018,"Review"
30259355,29322439,1,"Review",2018,"Review"
30259355,29741596,1,"Review",2018,"Review"
30259380,20802226,0,"Review",2018,"Review"
30259380,23446348,0,"Review",2018,"Review"
30259380,24339831,0,"Review",2018,"Review"
30259380,24512684,0,"Review",2018,"Review"
30259380,24811520,0,"Review",2018,"Review"
30259380,25234927,0,"Review",2018,"Review"
30259380,25242744,0,"Review",2018,"Review"
30259380,25544350,0,"Review",2018,"Review"
30259380,25583365,0,"Review",2018,"Review"
30259380,26076956,0,"Review",2018,"Review"
30259380,26442529,0,"Review",2018,"Review"
30259380,26450965,0,"Review",2018,"Review"
30259380,26556385,0,"Review",2018,"Review"
30259380,26657634,0,"Review",2018,"Review"
30259380,26669964,0,"Review",2018,"Review"
30259380,26758031,0,"Review",2018,"Review"
30259380,26873924,0,"Review",2018,"Review"
30259380,27350239,0,"Review",2018,"Review"
30259380,27739534,0,"Review",2018,"Review"
30259380,28265491,0,"Review",2018,"Review"
30259380,28334140,0,"Review",2018,"Review"
30259380,28594838,0,"Review",2018,"Review"
30259380,29028266,0,"Review",2018,"Review"
30259380,29106456,0,"Review",2018,"Review"
30259380,29322436,0,"Review",2018,"Review"
30259380,29322437,0,"Review",2018,"Review"
30259380,29338875,0,"Review",2018,"Review"
30259380,29556495,0,"Review",2018,"Review"
30788906,26556385,0,"Review",2019,"Review"
30788906,26669964,0,"Review",2019,"Review"
30788906,25583365,0,"Review",2019,"Review"
30788906,27350239,0,"Review",2019,"Review"
30788906,28334140,0,"Review",2019,"Review"
30788906,24339831,0,"Review",2019,"Review"
30788906,25234927,0,"Review",2019,"Review"
30788906,29556495,0,"Review",2019,"Review"
30788906,26657634,0,"Review",2019,"Review"
30788906,16452114,0,"Review",2019,"Review"
30788906,24512684,0,"Review",2019,"Review"
30788906,19750212,0,"Review",2019,"Review"
30788906,29322437,0,"Review",2019,"Review"
30788906,30462173,0,"Review",2019,"Review"
30788906,24297251,0,"Review",2019,"Review"
30788906,26450965,0,"Review",2019,"Review"
30788906,23446348,0,"Review",2019,"Review"
30788906,28265491,0,"Review",2019,"Review"
30788906,26873924,0,"Review",2019,"Review"
30788906,26076956,0,"Review",2019,"Review"
30788906,20802226,0,"Review",2019,"Review"
30788906,25544350,0,"Review",2019,"Review"
30788906,27365365,0,"Review",2019,"Review"
30788906,25242744,0,"Review",2019,"Review"
30259354,23446348,0,"Review",2018,"Review"
30259354,24811520,0,"Review",2018,"Review"
30259354,25242744,0,"Review",2018,"Review"
30259354,20802226,0,"Review",2018,"Review"
30259354,25234927,0,"Review",2018,"Review"
30259354,27365365,0,"Review",2018,"Review"
30259354,26657634,0,"Review",2018,"Review"
30259354,28594838,0,"Review",2018,"Review"
30259354,26076956,0,"Review",2018,"Review"
30259354,26758031,0,"Review",2018,"Review"
30259354,25583365,0,"Review",2018,"Review"
30259354,27929140,0,"Review",2018,"Review"
30259354,27167008,0,"Review",2018,"Review"
30635890,27671698,0,"Review",2019,"Review"
30635890,24811520,0,"Review",2019,"Review"
30635890,20802226,0,"Review",2019,"Review"
30635890,26657634,0,"Review",2019,"Review"
30635890,23446348,0,"Review",2019,"Review"
30635890,24512684,0,"Review",2019,"Review"
30635890,25583365,0,"Review",2019,"Review"
30635890,25242744,0,"Review",2019,"Review"
30635890,27315811,0,"Review",2019,"Review"
30635890,27493192,0,"Review",2019,"Review"
30635890,26556385,0,"Review",2019,"Review"
30635890,26873924,0,"Review",2019,"Review"
30635890,26442529,0,"Review",2019,"Review"
30635890,29028266,0,"Review",2019,"Review"
30635890,28334396,0,"Review",2019,"Review"
30635890,28096075,0,"Review",2019,"Review"
30635890,26076956,0,"Review",2019,"Review"
30635890,26758031,0,"Review",2019,"Review"
30635890,27929140,0,"Review",2019,"Review"
30635890,28265491,0,"Review",2019,"Review"
30635890,25544350,0,"Review",2019,"Review"
27255916,23446348,24,"Review",2017,"Review"
27255916,24811520,24,"Review",2017,"Review"
27255916,25544350,24,"Review",2017,"Review"
27255916,25242744,24,"Review",2017,"Review"
27255916,26201400,24,"Review",2017,"Review"
27255916,25583365,24,"Review",2017,"Review"
27255916,26076956,24,"Review",2017,"Review"
27255916,24339831,24,"Review",2017,"Review"
27255916,25234927,24,"Review",2017,"Review"
27255916,26450965,24,"Review",2017,"Review"
27255916,26590255,24,"Review",2017,"Review"
27255916,26669964,24,"Review",2017,"Review"
27255916,26873924,24,"Review",2017,"Review"
27255916,26556385,24,"Review",2017,"Review"
27255916,20802226,24,"Review",2017,"Review"
27255916,24512684,24,"Review",2017,"Review"
27255916,26442529,24,"Review",2017,"Review"
27255916,26230526,24,"Review",2017,"Review"
27255916,26657634,24,"Review",2017,"Review"
27255916,24297251,24,"Review",2017,"Review"
27255916,27021280,24,"Review",2017,"Review"
31001302,27493192,0,"Review",2019,"Review"
31001302,27725737,0,"Review",2019,"Review"
31001302,30445438,0,"Review",2019,"Review"
31001302,28315753,0,"Review",2019,"Review"
31001302,26669964,0,"Review",2019,"Review"
31001302,26201400,0,"Review",2019,"Review"
31001302,25583365,0,"Review",2019,"Review"
31001302,24339831,0,"Review",2019,"Review"
31001302,25234927,0,"Review",2019,"Review"
31001302,26657634,0,"Review",2019,"Review"
31001302,24512684,0,"Review",2019,"Review"
31001302,24811520,0,"Review",2019,"Review"
31001302,24297251,0,"Review",2019,"Review"
31001302,26450965,0,"Review",2019,"Review"
31001302,23446348,0,"Review",2019,"Review"
31001302,26873924,0,"Review",2019,"Review"
31001302,26076956,0,"Review",2019,"Review"
31001302,20802226,0,"Review",2019,"Review"
31001302,25544350,0,"Review",2019,"Review"
31001302,27739910,0,"Review",2019,"Review"
31001302,28594838,0,"Review",2019,"Review"
31001302,25242744,0,"Review",2019,"Review"
31001302,26590255,0,"Review",2019,"Review"
